{
  "id": "ea159bd0-3895-11ec-b727-dd6b9d938971",
  "name": "Install-InnoSetup",
  "friendlyName": "Install Inno Setup",
  "description": "This task installs a specific version of Inno Setup at the buildagent ",
  "author": "Jens Brand",
  "category": "Utility",
  "visibility": [
    "Build",
    "Release"
  ],
  "demands": [],
  "version": {
    "Major": "0",
    "Minor": "1",
    "Patch": "11"
  },
  "minimumAgentVersion": "1.95.0",
  "instanceNameFormat": "Install-Inno Setup $(version)",
  "inputs": [
    {
      "name": "version",
      "type": "string",
      "label": "version of InnoSetup to install",
      "defaultValue": "6.2.0",
      "required": true,
      "helpMarkDown": "Specify the version of Inno Setup you wish to install."
    }
  ],
  "execution": {
    "PowerShell3": {
      "target": "Install.ps1"
    }
  }
}