{
  "id": "7bff3720-38a7-11ec-920d-0184625916a0",
  "name": "Build-InnoSetup",
  "friendlyName": "Build Inno Setup script",
  "description": "This task builds an Inno Setup script",
  "author": "Jens Brand",
  "category": "Utility",
  "visibility": [
    "Build",
    "Release"
  ],
  "demands": [],
  "version": {
    "Major": "0",
    "Minor": "1",
    "Patch": "11"
  },
  "minimumAgentVersion": "1.95.0",
  "instanceNameFormat": "Build Inno Setup $(file)",
  "inputs": [
    {
      "name": "version",
      "type": "string",
      "label": "InnoSetup version to use",
      "defaultValue": "6.2.0",
      "required": true,
      "helpMarkDown": "Specify the version of Inno Setup you wish to use for build."
    },
    {
      "name": "file",
      "type": "filePath",
      "label": "File to build",
      "defaultValue": "",
      "required": true,
      "helpMarkDown": "Relative path from repo root of the Inno Setup file. Wildcards can NOT be used."
    },
    {
      "name": "secureFileId",
      "type": "secureFile",
      "label": "Secure file for codesigning",
      "defaultValue": "",
      "required": false,
      "helpMarkDown": "TThe file name or GUID of the secure file to download to the agent machine. The file will be deleted after the task runs."
    },
    {
      "name": "signCertPassword",
      "type": "string",
      "label": "Secure File Password",
      "defaultValue": "",
      "required": false,
      "helpMarkDown": "Enter the password for the provided certificate. Use a new variable with its lock enabled on the Variables tab to encrypt this value."
    },
    {
      "name": "timeServer",
      "type": "string",
      "label": "Timestamp Server Url",
      "defaultValue": "http://timestamp.comodoca.com/?td=sha256",
      "required": false,
      "helpMarkDown": "Absolute Url of the timestamp server to use."
    },
    {
      "name": "signToolName",
      "type": "string",
      "label": "Inno Setup Sign Tool Name",
      "defaultValue": "wolf_sw",
      "required": false,
      "helpMarkDown": "This is the name of the signtool how it is used in the Inno Setup script"
    }
  ],
  "execution": {
    "PowerShell3": {
      "target": "build.ps1"
    }
  }
}